ID,EVENT,TIME,DV/IL6,GROUP,INIT/e,INIT/gamma,INIT/kappa,INIT/muM,INIT/theta,INIT/muT,INIT/r,INIT/B,INIT/A,INIT/Tumor,INIT/n,INIT/mu_D,INIT/TH
1,INIT,0,10.84737111,1,0.2,0.514755201,2.187461783,0.001911132,1.24E-10,1.8,0.045661285,1.39E+07,8.84E+06,976400377.7,0.888189965,4.748769196,1
1,DV,0,10.84737111,1,0.2,0.514755201,2.187461783,0.001911132,1.24E-10,1.8,0.045661285,1.39E+07,8.84E+06,976400377.7,0.888189965,4.748769196,1
1,DV,2.885,6.438,1,0.2,0.514755201,2.187461783,0.001911132,1.24E-10,1.8,0.045661285,1.39E+07,8.84E+06,976400377.7,0.888189965,4.748769196,1
1,DV,4.962,6.114,1,0.2,0.514755201,2.187461783,0.001911132,1.24E-10,1.8,0.045661285,1.39E+07,8.84E+06,976400377.7,0.888189965,4.748769196,1
1,DV,7.885,5.565,1,0.2,0.514755201,2.187461783,0.001911132,1.24E-10,1.8,0.045661285,1.39E+07,8.84E+06,976400377.7,0.888189965,4.748769196,1
1,DV,9.885,4.136,1,0.2,0.514755201,2.187461783,0.001911132,1.24E-10,1.8,0.045661285,1.39E+07,8.84E+06,976400377.7,0.888189965,4.748769196,1
1,DV,12.885,4.057,1,0.2,0.514755201,2.187461783,0.001911132,1.24E-10,1.8,0.045661285,1.39E+07,8.84E+06,976400377.7,0.888189965,4.748769196,1
1,DV,14.885,3.898,1,0.2,0.514755201,2.187461783,0.001911132,1.24E-10,1.8,0.045661285,1.39E+07,8.84E+06,976400377.7,0.888189965,4.748769196,1
1,DV,20.808,2.793,1,0.2,0.514755201,2.187461783,0.001911132,1.24E-10,1.8,0.045661285,1.39E+07,8.84E+06,976400377.7,0.888189965,4.748769196,1
